first_name,last_name,email,gender,ip_address
Abbey,Atmore,aatmore1x@wufoo.com,Male,62.7.21.108
Abie,Luce,aluce9@ning.com,Male,138.87.14.204
Abigail,O' Cuolahan,aocuolahan82@theglobeandmail.com,Female,135175205227
Abra,Glanvill,aglanvill97@china.com.cn,Female,202.73.215.22
Ada,Few,afews@howstuffworks.com,Female,213.177.136.37
Addia,Bowater,abowater63@ted.com,Female,85.229.32.241
Addy,Kneeshaw,akneeshawjk@disqus.com,Female,140.33.255.226
Adelaide,Beldam,abeldamhi@cloudflare.com,Female,204.162.65.177
Adele,Askell,aaskell8e@nature.com,Female,118.76.22.222
Adelheid,Littlefair,alittlefaird0@nsw.gov.au,Female,43.157.23.177
Adelheid,Alyoshin,aalyoshinbl@eepurl.com,Female,14116195208
Adelice,Shaylor,ashaylorgd@squidoo.com,Female,197.143.86.249
Adelle,Winsbury,awinsbury54@51.la,Female,19.88.217.40
Adolph,Gilstoun,agilstoun95@yandex.ru,Male,229247215136
Adriaens,Tetlow,atetlow85@skyrock.com,Female,191101230177
Aeriel,Klagges,aklaggesrh@tinypic.com,Female,87.115.76.49
Agustin,Tirrey,atirrey84@dyndns.org,Male,171188171227
Aigneis,Harborow,aharborowr5@businessweek.com,Female,83.152.54.148
Ailene,Caldicot,acaldicotld@is.gd,Female,61126103102
Ajay,Abba,aabba3y@discuz.net,Female,124.28.190.201
Aksel,Hamstead,ahamsteadio@indiegogo.com,Male,211.95.210.116
Alan,Daveridge,adaveridge88@t-online.de,Male,28.153.166.17
Alayne,Mallen,amallen9k@mlb.com,Female,50210187104
Aldridge,Shirlaw,ashirlawr6@craigslist.org,Male,126.225.51.11
Aldus,Skitteral,askitteralhx@alibaba.com,Male,2.80.166.96
Aleda,Jonas,ajonas3w@yahoo.co.jp,Female,16.55.208.75
Aleksandr,Baudesson,abaudessonnd@skype.com,Male,112167156198
Alessandro,Orwell,aorwell1e@istockphoto.com,Male,85.222.64.130
Alexia,Bates,abatesb9@cargocollective.com,Female,114119127134
Ali,Gilchrist,agilchrist1s@1688.com,Male,47.78.106.18
Alika,Feavyour,afeavyouro0@jimdo.com,Female,145.251.238.20
Alistair,Rickesies,arickesies6h@epa.gov,Male,27172200131
Alix,Garces,agarceskp@usa.gov,Male,118.87.71.216
Allan,Playhill,aplayhillcx@ca.gov,Male,148.60.41.171
Allard,Neising,aneising1b@reverbnation.com,Male,210.26.150.48
Allard,Smewing,asmewingfi@creativecommons.org,Male,103169214178
Allard,Grimme,agrimmegp@netvibes.com,Male,126.2.118.165
Alley,Marsham,amarsham6r@booking.com,Male,118.194.115.80
Allie,Shervington,ashervingtonce@storify.com,Male,68.235.122.8
Allin,Giroldi,agiroldihr@ifeng.com,Male,32100116117
Allx,Featherbie,afeatherbieqf@themeforest.net,Female,122.167.78.176
Alonzo,Hookes,ahookes7e@vistaprint.com,Male,4.82.249.143
Alric,Burwell,aburwell73@bravesites.com,Male,194.221.53.248
Alvie,Gowanson,agowansonki@123-reg.co.uk,Male,138.98.125.66
Alvin,Gazzard,agazzardar@paginegialle.it,Male,82.203.185.62
Amabel,Halesworth,ahalesworthh6@vimeo.com,Female,151254200249
Amelina,Ruston,aruston8u@blogger.com,Female,248.80.102.231
Amelita,Mouat,amouatgj@miibeian.gov.cn,Female,235.154.54.201
Amos,Trevaskis,atrevaskislx@google.co.jp,Male,42.54.44.45
Anatole,Mead,amead59@xing.com,Male,99.102.66.245
Anatollo,Tilson,atilsongq@ox.ac.uk,Male,233.216.84.114
Andeee,Dennerley,adennerley5t@npr.org,Female,159.157.58.67
Andi,Heliet,ahelietfp@printfriendly.com,Female,206191188253
Andi,Griffithe,agriffithefr@facebook.com,Female,69.177.225.27
Andras,Iacomi,aiacomi60@bbb.org,Male,9.60.194.85
Anestassia,Dawney,adawneylc@cnet.com,Female,139169238126
Angelia,Howatt,ahowatt6e@homestead.com,Female,235.242.99.121
Angelique,Vezey,avezeydx@nydailynews.com,Female,215.255.71.245
Angie,Winfrey,awinfreyfd@globo.com,Male,50.155.154.1
Annabel,Stanner,astanneri3@macromedia.com,Female,74.8.220.68
Annabella,Dysart,adysart8@mapy.cz,Female,85.239.27.240
Annadiana,Humes,ahumesob@patch.com,Female,84.207.33.245
Annaliese,Harburtson,aharburtsonqr@nydailynews.com,Female,156.227.62.86
Annemarie,Sherwill,asherwillek@360.cn,Female,174.185.19.200
Annemarie,Spawell,aspawellov@mediafire.com,Female,255216239175
Ansel,Harkins,aharkinspi@umn.edu,Male,154226213250
Anselm,Waghorn,awaghornj9@bloomberg.com,Male,14228244107
Antonin,Abdon,aabdon8x@feedburner.com,Male,162.51.69.147
Arabele,Studeart,astudeartj1@google.es,Female,99.26.21.21
Archambault,Docker,adockerfu@usgs.gov,Male,109106243139
Ardelia,Bartolomeoni,abartolomeoniew@seattletimes.com,Female,29.87.3.193
Arliene,Guerrieri,aguerrieriog@yandex.ru,Female,157.140.217.61
Arnuad,Mathevon,amathevonk3@tamu.edu,Male,57.43.148.23
Arthur,Fransinelli,afransinellif3@archive.org,Male,180.13.170.196
Arty,Gosland,agoslandmh@google.de,Male,223.0.215.254
Arvin,Holberry,aholberry3e@ezinearticles.com,Male,233.119.63.89
Aryn,Hartas,ahartasik@soundcloud.com,Female,56.10.76.196
Ashia,Leele,aleelebo@abc.net.au,Female,25.26.174.35
Ashien,Gaffon,agaffonk2@deviantart.com,Female,137101185180
Ashlen,McLarty,amclarty38@usatoday.com,Female,211.33.206.109
Ashlen,Prestner,aprestnery@drupal.org,Female,95.181.194.83
Augustina,Quirke,aquirke9c@noaa.gov,Female,147.139.93.169
Aurelie,Cess,acessq3@csmonitor.com,Female,185.15.16.61
Avivah,Betke,abetkeag@tuttocitta.it,Female,82.74.254.192
Axel,Janas,ajanasc@cocolog-nifty.com,Male,144.31.75.1
Babbette,Millam,bmillambz@wufoo.com,Female,225255232248
Bambi,Isworth,bisworthg9@feedburner.com,Female,189.134.83.163
Barbabra,Brinkworth,bbrinkworthht@cbsnews.com,Female,63.99.164.212
Barnabe,Sidle,bsidleei@sciencedirect.com,Male,99.30.118.16
Barri,Cowperthwaite,bcowperthwaitem9@sbwire.com,Male,107.129.150.30
Barris,Cartin,bcartindf@elpais.com,Male,38.59.14.148
Bay,Meldon,bmeldon9z@vinaora.com,Male,240.3.218.149
Beale,Steptow,bsteptow5d@timesonline.co.uk,Male,243.189.76.129
Becca,O'Lahy,bolahyp2@businesswire.com,Female,36.218.65.106
Becki,Westmacott,bwestmacotthy@privacy.gov.au,Female,158.154.100.43
Beckie,Eubank,beubank3p@phpbb.com,Female,209.209.54.166
Bendix,Brizland,bbrizlandhd@studiopress.com,Male,47.254.72.150
Benedetta,O'Beirne,bobeirne5z@surveymonkey.com,Female,107.180.10.107
Benedict,Spurling,bspurling2n@oracle.com,Male,37.241.59.48
Benetta,Dreigher,bdreigher8f@biglobe.ne.jp,Female,157.28.208.210
